Item.name,Module
Adapt 3,Pretest
Adapt 16,Pretest
Adapt 26,Pretest
Adapt 51,Pretest
Adapt 64,Pretest
Adapt 71,Pretest
Adapt 74,Pretest
Adapt 83,Pretest
Adapt 90,Pretest
Adapt 122,Pretest
Adapt 137,Pretest
Adapt 164,Pretest
Adapt 179,Pretest
Adapt 188,Pretest
Adapt 197,Pretest
Adapt 209,Pretest
Adapt 222,Pretest
Adapt 234,Pretest
Adapt 245,Pretest
Adapt 251,Pretest
Adapt 258,Pretest
Adapt 272,Pretest
Adapt 281,Pretest
Adapt 296,Pretest
Adapt 310,Pretest
Adapt 343,Pretest
Adapt 358,Pretest
Adapt 382,Pretest
Adapt 401,Pretest
Adapt 2,Module 1
Adapt 7,Module 1
Adapt 8,Module 1
Adapt 11,Module 1
Adapt 12,Module 1
Adapt 18,Module 1
Adapt 23,Module 1
Adapt 32,Module 1
Adapt 36,Module 1
Adapt 40,Module 1
Adapt 53,Module 1
Adapt 57,Module 1
Adapt 61,Module 1
Adapt 63,Module 1
Adapt 69,Module 1
Adapt 70,Module 2
Adapt 78,Module 2
Adapt 87,Module 2
Adapt 92,Module 2
Adapt 110,Module 2
Adapt 113,Module 2
Adapt 120,Module 2
Adapt 127,Module 2
Adapt 136,Module 2
Adapt 140,Module 2
Adapt 146,Module 2
Adapt 148,Module 3
Adapt 149,Module 3
Adapt 150,Module 3
Adapt 151,Module 3
Adapt 152,Module 3
Adapt 153,Module 3
Adapt 154,Module 3
Adapt 155,Module 3
Adapt 156,Module 3
Adapt 157,Module 3
Adapt 158,Module 3
Adapt 162,Module 3
Adapt 168,Module 3
Adapt 177,Module 3
Adapt 180,Module 3
Adapt 186,Module 3
Adapt 195,Module 3
Adapt 207,Module 3
Adapt 220,Module 3
Adapt 230,Module 3
Adapt 233,Module 3
Adapt 236,Module 4
Adapt 241,Module 4
Adapt 244,Module 4
Adapt 247,Module 4
Adapt 250,Module 4
Adapt 256,Module 4
Adapt 267,Module 4
Adapt 271,Module 4
Adapt 274,Module 4
Adapt 283,Module 4
Adapt 288,Module 4
Adapt 292,Module 4
Adapt 295,Module 5
Adapt 309,Module 5
Adapt 312,Module 5
Adapt 320,Module 5
Adapt 326,Module 5
Adapt 330,Module 5
Adapt 336,Module 5
Adapt 342,Module 5
Adapt 348,Module 5
Adapt 354,Module 5
Adapt 360,Module 5
Adapt 366,Module 5
Adapt 372,Module 5
Adapt 378,Module 5
Adapt 384,Module 5
Adapt 390,Module 5
Adapt 397,Module 5
Adapt 403,Module 5
Adapt 409,Module 5
Adapt 415,Module 5
Adapt 4,Final
Adapt 17,Final
Adapt 27,Final
Adapt 52,Final
Adapt 62,Final
Adapt 65,Final
Adapt 72,Final
Adapt 75,Final
Adapt 84,Final
Adapt 91,Final
Adapt 121,Final
Adapt 138,Final
Adapt 163,Final
Adapt 178,Final
Adapt 187,Final
Adapt 196,Final
Adapt 210,Final
Adapt 223,Final
Adapt 235,Final
Adapt 246,Final
Adapt 252,Final
Adapt 259,Final
Adapt 273,Final
Adapt 282,Final
Adapt 297,Final
Adapt 311,Final
Adapt 344,Final
Adapt 359,Final
Adapt 383,Final
Adapt 402,Final
